منتهي كمية,رائج,صفحة رئيسية
EV1527-Y,1204,KR1201
KT05,curtainRF,1202com1
KT07UP,KR1201,1208
KT13C,1202com1,2204
KT24,1208,EV1527-B
KT58C,2204,EW7484
EW7481,KT16,KT17
2202RF,KT13C,2201HM
LEP280-DESAY,EV1527-W,FE60-20
LEP206,EV1527-B,BIWO50-72
DY1260,EW7481,ARD-SH-NANO
JK420100C,db20+dbs20,SB100-12-A
JK816100C,DB20+DBS20,SB300-24-A
JK4840,EW7484,2401W
SB300-12-A,EW7482,2201MW
SB300-24-A,KT17,KT13C
SB300-48-A,2201HM,KT16
SB200-24-A,DRX1K-315,EV1527-W
SB200-48-A,FE60-20,LEP300-GREE
PC01,BIWO50-72,GREE48300
KT17,2401W,KT28-12CH
2201HM,2201MW,KT28-4CH
SB200-12-A,KT28-12CH,KT184A
BIWO24-50,KT28-4CH,KT48-15CH
JSK72-30,KT184A,KT144A
GP72-20,KT48-15CH,KT68C-G
GP60-20,KT04,KT68C-S
JSK60-30,KT144A,SZ01
JSK48-30,KT68C-G,ETC206LEP
FE60-20,KT68C-S,GREE24300
BIWO50-72,SZ01,GREE12300
2401W,KT68C-P,8266-12
CB-60-8,ETC-24-206,ETC-24-206
CB-72-10,ETC-12-206,SB100-24-A
CB-60-10,SB100-12-AN,ETC-12-206
suoer4,,SB100-12-AN
suoer12,,
suoer10,,
LEP100-GP,,
KT38,,
KT04,,
KT59C,,
KT68C-G,,
KT68C-S,,
KT62C,,
GP100-24-A,,
GP100-12-A,,
LEP20A-GP,,
DALY-24-LEP-60A,,
DY2460,,
LEP15A-JSK,,
JK82460,,
JK48200,,
GREE48300,,
EV1527-B,,
EV1527-W,,
KT16C,,
KT16,,
KT52C,,
KT68C-P,,
2202B,,
KR2202,,
2201F,,
KR2201,,
SB100-48-A,,
LEP300-GREE,,
EVE98-5,,
GREE24300,,
GREE12300,,
SB100-24-A,,
KT144A,,
kt22,,
kt23,,
KT51,,
SZ01,,
curtainRF,,