نظام 12 فولت,نظام 24 فولت,نظام 48 فولت,نظام 60 فولت,نظام 72 فولت,نظام 48 فولت,شواحن ليثيوم دراجات,ريموتات صغيرة مدى 50 متر,ريموتات كبيرة مدى 100 لـ 3000 متر,مستقبل تحكم عن بعد,تحكم ريموت + وايفاي,ريموتات فاخرة,جرس لاسلكي,شرائح RF للبرمجة وتطوير,مستقبل قطع محروفة,مستقبل رفع وتنزيل,تحكم وايفاي + ريموت,انفيرتر 24,انفيرتر 48,عائلة esp + اوردينو,شرائح إلكترونية متنوعة,bms,شاشات نسبة وفولت,لوازم تجميع بطاريات,موازن نشط,خلايا طاقة شمسية منزلية,خلايا اسطوانية للدراجات,ترنس تغذية بورسبلاي
SB100-12-A,GP100-24-A,GP48-20,JSK60-30,EVE72-40,GP48-20,,EV1527-Y,KT204A,SOCKETWB03,,KT144A,,DRX1K-315,,,SOCKETWB03WIFI,INV-AST-4K-5G,SUOER6,ESP32-CH-30P,DIMMER-DC-1,JK4840,JKLCD32,TAPE-5CM-LI,AB-48V-16S,LEP300-GREE,LEP20A-GP,
SB100-12-AN,SB100-24-AN,EVE48-20,GP60-20,JSK72-30,EVE48-20,,EV1527-B,PT22625A,QAR,,KT68C-G,,wl101,,,2201MW,,,ESP32-SH-38P,DFR0756,JK4860,JKLCD23,TAPE-10CM-LI,TDT-AB-8S,ETC206LEP,LEP20-EVE-B,
GP100-12-A,SB300-24-A,JSK48-30,EVE60-20,GP72-20,JSK48-30,,EV1527-W,KT28-12CH,KR1201,,KT68C-S,,RX480E,,,2401W,,,ARD-SH-NANO,LM2596,JK48100,JKLCD23C,FEB-S,,,LEP20-EVE-A,
SB300-12-A,SB200-24-A,SB100-48-A,FE60-20,EVE72-20,SB100-48-A,,KT05,KT28-4CH,5301,,,,QAR,,,,,,ESP32-30P,DIMMER4000,JK82460,VM01,FIBER-B,,,LEP15A-JSK,
SB200-12-A,SB100-24-A,SB300-48-A,,BIWO50-72,SB300-48-A,,KT07UP,KT28-8CH,2201COM2,,,,,,,,,,ESP32-38PIN,LASER01,JK82440,,NI-10MM,,,,
ETC-12-206,ETC-24-206,SB200-48-A,,,SB200-48-A,,KT13C,KT184A,1202COM1,,,,,,,,,,aurd-nano,LCD1,JK816100C,,BS-50CM,,,,
GREE12300,GREE24300,GREE48300,,,GREE48300,,KT16-315,KT38,2202B,,,,,,,,,,aurd-uno,LCDH1,JK424100C,,BS-55CM,,,,
,,,,,,,KT16C,PT22624C,KR2202,,,,,,,,,,mr16,,JK420100C,,BS-40CM,,,,
,,,,,,,KT16,PT22628A,1204,,,,,,,,,,MR4,,DY1260,,BS-35CM,,,,
,,,,,,,KT17,KT48-15CH,2204,,,,,,,,,,MR8,,JK48200,,BS-30CM,,,,
,,,,,,,kt22,KT203DIM,1208,,,,,,,,,,MR2,,DY1240,,,,,,
,,,,,,,kt23,KT203UP,2202RF,,,,,,,,,,LCD1,,JK816150,,,,,,
,,,,,,,KT24,,2201DM,,,,,,,,,,LCDH1,,DALY-24-LEP-60A,,,,,,
,,,,,,,KT58C,,2201F,,,,,,,,,,8266-12,,DY2460,,,,,,
,,,,,,,KT04,,,,,,,,,,,,,,AB-48V-16S,,,,,,
,,,,,,,KT144A,,,,,,,,,,,,,,TDT-AB-8S,,,,,,
,,,,,,,KT51,,,,,,,,,,,,,,VM-5-100,,,,,,
,,,,,,,KT52C,,,,,,,,,,,,,,,,,,,,
,,,,,,,KT59C,,,,,,,,,,,,,,,,,,,,
,,,,,,,SZ01,,,,,,,,,,,,,,,,,,,,
,,,,,,,KT62C,,,,,,,,,,,,,,,,,,,,
,,,,,,,KT68C-P,,,,,,,,,,,,,,,,,,,,